A-1 Engraving & Signs;A-1 Engraving & Signs, Inc. 397 A. Washington St. Brighton, MI  48116 ,,,,,
A & G True Value;A & G True Value ,,,,,
AAA Auto Insurance;AAA Auto Insurance P.O. Box 740860 Cincinnati, Ohio 45274-0860 ,,,,,
ABB Inc (ACH);ABB Inc. 440 Field Services Auburn Hills P.O. Box 88868 Chicago, Il 60695-1868 ,,,,,
Accident Fund Insurance;Accident Fund PO Box 77000 Dept 77125 Detroit, MI  48277-0125 ,,,,,
Accountemps;Accountemps 12400 Collections Center Dr Chicago, IL  60693 ,,,,,
Ace Hardware;Ace Hardware ,,,,,
Action Wood;Action Wood 44500 Reynolds Drive Clinton Township, MI  48036 ,,,,,
ADESSO INC;ADESSO INC 160 Commerce Way Walnut , CA 91789 , USA ,,,,,
ADP Payroll Processing;ADP Payroll Processing ,,,,,
Advanced Machine & Engineering (ACH);Advanced Machine & Engineering Co 35109 Eagle Way Chicago, IL  60678-1351 ,,,,,
Advanced Safety Graphics (ACH);Advanced Safety Graphics 33229 Kirby Street Farmington, MI  48336 ,,,,,
AE Tools;AE Tools 5501 21st St. Racine, WI  53406 ,,,,,
AG Towing;AG Towing 5100 Auburn Road Shelby Twp, MI  48317 ,,,,,
Air Technologies;Ohio Transmission Corporation Air Technologies PO Box 73278 Cleveland, OH  44193 ,,,,,
Airpower America;Airpower America 2050 Stanley Ave, Portage,  MI 49002 ,,,,,
Albion Devices, Inc.;Albion Devices, Inc. 531 Stevens Ave., West Solana Beach, CA  92075 ,,,,,
Alro Steel Corporation;Alro Steel Corporation 3000 Tripark Drive Grand Blanc, MI  48439 Tel: 810-695-7300 ,,,,,
Altorfer Rents;Altorfer Rents P.O. Box 1347 Cedar Rapids, IA 52406-1347 ,,,,,
Amazon;Amazon.com ,,,,,
Amenda Gjelaj;Amenda Gjelaj 11669 Squires Blvd Utica, MI  48315 ,,,,,
Amenda Gjelaj CC; ,,,,,,
American Airlines;American Airlines ,,,,,
American Express Delta CC;American Express P.O. Box 0001 Los Angeles, CA 90096-8000 ,,,,,
American Express Mangesh; ,,,,,,
American Flag & Banner Co;American Flag & Banner Co. 28 S Main Street Clawson, MI  48017 ,,,,,
Andantex USA;Andantex USA Inc 1705 Valley Road Wanamassa, NJ  97712 ,,,,,
Andiamo,Andiamo,,,,,,
Anixter;Anixter, Inc. PO Box 847428 Dallas, TX  75284-7428 ,,,,,
Apex Automation Inc.;Apex Automation Inc. 7067 S. Etna Rd. -35 La Fontaine, IN 46940 ,,,,,
Applied Industrial Technologies;Applied Industrial Technologies 23937 Freeway Park Dr. Farmington Hills, MI 48335 ,,,,,
Arvind Jadhav,Arvind Jadhav,,,,,,
Assoc for Advancing Automation;Association for Advancing Automation 900 Victors Way, Suite 140 Ann Arbor, MI  48108 ,,,,,
AT & T,AT & T,,,,,,
"Atlanta Drive System, Inc.";Atlanta Drive System, Inc. 1775 New Jersey 34, #10 Farmingdale, NJ 07727 ,,,,,
Atlas Copco;Atlas Copco Tools Assembly Systems 2998 Dutton Road Auburn Hills, MI 48326 ,,,,,
ATLASRFIDSTORE.COM,ATLASRFIDSTORE.COM,,,,,,
ATS-Advanced Technology Services;ATS-Advanced Technology Services 12400 Belden Ct. Livonia, MI 48150 ,,,,,
Auto-Plas - Persico;Persico (Auto-Plas) 1820 Prodution Drive Rochester Hills, MI  48309 ,,,,,
Automated Systems Inc.;Automated Systems Inc. 2400 Commerical Drive  Auburn Hills, MI, 48326 ,,,,,
Automation Alley;Automation Alley 2675 Bellingham Troy, MI  48083 ,,,,,
Automation Guarding Systems (ACH);Automation Guarding Systems, LLC 6624 Burroughs Ave Sterling Heights, MI  48314 ,,,,,
AutoZone,AutoZone,,,,,,
"AVI Systems, Inc.";AVI Systems, Inc. NW8393 PO Box 1450 Minneapolis, MN  55485-8393 ,,,,,
Avis Renta A Car,Avis Renta A Car,,,,,,
Axis Systems (ACH);Axis Systems 1555 Atlantic Blvd. Auburn Hills, MI  48326 ,,,,,
B&R Sales and Service;B&R Sales and Service 5656 Newburgh Road Westland, MI  48185 ,,,,,
"Balian & Busse, PLLC";Balian & Busse, PLLC 40950 Woodward, Avenue Suite 350 Bloomfield Hills,, MI 48304-5129 ,,,,,
Bancorpsv - HRPro Claims,Bancorpsv,,,,,,
Banner Life Insurance Co.;Banner Life Insurance Co. P.O. Box 740526 Atlanta, GA 30374-0526 ,,,,,
Barry Riley's Welding;Riley's Welding Barry Riley 306 Holmes Road Allenton, MI  48002 ,,,,,
Barton Malow Company;Barton Malow Company 26500 American Drive Southfield, MI 48034 ,,,,,
BC Automation,BC Automation 167 Haupt Street Port Elizabeth South Africa,,,,,,
Bearing Service (ACH);Bearing Service 2219 E. 9 Mile Rd Warren, MI 48091 ,,,,,
"Behco-MRM, Inc";Behco-MRM, Inc div of H & P Technologies, Inc. 21251 Ryan Road Warren, MI  48091 ,,,,,
Bigrentz.com,Bigrentz.com,,,,,,
"Bill Janseen, CLSO";Bill Janseen, CLSO 14726 Dominica Court Apple Valley, MN 55124 ,,,,,
Blue Corp Automation (Wire)*;Blue Corp Automation Solutions Victor Castillo 27 Norte 1604 Solares Chicos Atlixco, Puebla C.P. 74230 Mexico ,,,,,
Blue Cross Blue Shield;Blue Cross Blue Shield of Michigan PO Box 674416 Detroit, MI  48267-4416 ,,,,,
BO SIX Robotics (ACH);B. O. Six Robotics, Inc. PO Box 5935 Drawer #1596 Troy, MI  48007 ,,,,,
Bouch Enterprises (SA $),Bouch Enterprises PO Box 70666 The Bridge  6032 South Africa,,,,,,
Browz (ACH);Browz LLC 13997 South Minuteman Drive Ste 350 Draper, UT 84020 ,,,,,
BYERS WRECKER;BYERS WRECKER 399 SOUTH STREET ROCHESTER, MI 48307 ,,,,,
C & C Rent All;C &C Rent All 2287 W. Auburn Rd Rochester Hills, MI 48309 ,,,,,
C&E Sales;C&E Sales P.O. Box 750128 Dayton, OH  45475-0128 ,,,,,
"CA & Associates, LLC";CA & Associates LLC 3771 Sleepy Fox Drive Rochester Hills, MI  48309 ,,,,,
Calvert Smith,Calvert Smith,,,,,,
Caniff Electric Supply;Caniff Electric Supply 2001 Caniff Street Hamtamick, MI 48212 ,,,,,
Carl Stahl Sava Industries (ACH);Carl Stahl Sava Industries, Inc. PO Box 30 4 North Corporate Drive Riverdale, NJ  07457-0030 ,,,,,
Cash,Cash,,,,,,
Centimeter Industrial Supply;Centimeter Industrial Supply, Inc. 1842 Star-Batt Drive Rochester Hills, MI  48309 ,,,,,
"Central Alarm Signal, Inc.";Central Alarm Signal, Inc. 13400 West 7 Mile Rd. Detroit, MI  48235 ,,,,,
Chalfant Manufacturing (ACH);Chalfant Manufacturing Co. 50 Pearl Rd. Ste. 212 Brunswick, OH  44212-5704 ,,,,,
Charter Township of Orion;Charter Township of Orion 2525 Joslyn Rd Lake Orion, Mi 48360-1951 ,,,,,
Chase Autopaybus 82573,,,,,,,
Chris Cox;Chris Cox 933 Pinecone Drive Howell, MI  48843 ,,,,,
Chris Cox - CC,,,,,,,
Chromalox;Chromalox Dave Ray & Associates 4949 Delemre Avenue Royal Oak, MI  48073 ,,,,,
CIGNA International (ACH);CIGNA International 13680 Collection Center Drive Chicago, Il 60693 ,,,,,
Cincinnati Fan;Cincinnati Fan & Ventilator Company, INC 7697 Snider Road Mason, OH 45040 ,,,,,
Cinetic Automation (ACH);Fives Cinetic Corp 23400 Halsted Rd Farmington Hills, MI  48335 ,,,,,
Citizens Insurance Company;Citizens Insurance Dept 77360 P.O. Box 77000 Detroit, MI 48277-0360 ,,,,,
City of Rochester Hills - Permits;City of Rochester Hills Attn: Bldg Dept 1000 Rochester Hills Dr Rochester, MI  48309 ,,,,,
City of Rochester Hills - Tax;City of Rochester Hills 16748 Collection Center Drive Chicago, IL  60693-0167 ,,,,,
City Of Rochester Hills - Water;City Of Rochester Hills - Water 16632 Collection Center Drive Chicago, IL  60693-0166 ,,,,,
Columbia Marking Tools;Columbia Marking Tools 27430 Luckino Drive Chesterfield, MI  48047 ,,,,,
Comcast (Bill Pay),Comcast PO Box 3005 Southeastern PA 19398-3005,,,,,,
COMDATA;COMDATA P.O. Box 500544 St. Louis, Mo 63150-0544 ,,,,,
Comdata Fees,Comdata Fees,,,,,,
Con-Syst-Int (ACH)*;Con-Syst-Int Controls Group Inc 5135 Hennin Dr. Oldcastle, ON  N0R 1L0 Canada ,,,,,
"Concorde Manufacturing, Inc.";Concorde Manufacturing, Inc. 275 Rex Blvd. Auburn Hills, MI 48326 ,,,,,
Conductix Wampfler;Conductix Wampfler PO Box 809090 Chicago, IL 60680 ,,,,,
Consumers Energy (Bill Pay);Consumers Energy Lansing, MI  48937-0001 ,,,,,
Corrigan Air & Sea (ACH);Corrigan Air & Sea Cargo 6170 Middlebelt Rd. Romulus, MI  48174 ,,,,,
Costco,Costco,,,,,,
Cougar Cutting Tool;Cougar Cutting Tools, Inc. 23529 Reynolds Court Clinton TWP, MI 48036 ,,,,,
Country Inn & Suites Lima;Country Inn & Suites Lima 804 S Leonard Ave Lima, OH  45804 ,,,,,
Crescent Electric Supply Co.;26499 Southpoint Rd Ste 100 Perrysburg, OH 435511696 ,,,,,
Crown Industrial Services Inc.;Crown Industrial Services Inc. P.O. Box 970197 Ypsilanti, MI  48197 ,,,,,
Culligan (Bill Pay);Culligan of Ann Arbor/Detroit Lockbox Processing PO Box 2932 Wichita, KS  67201-2932 ,,,,,
"Dalton Bearing Service, Inc.";Dalton Bearing Service, Inc. 601 South Glenwood Ave. Dalton, GA 30721 ,,,,,
Davey Tree Expert Co;The Davey Tree Expert Company PO Box 94532 Cleveland, OH  44101-4532 ,,,,,
Days Inn Kokomo;Days Inn & Suites Kokomo 264 South 00 EW Kokomo, IN  46902 ,,,,,
Days Inn Port Huron,Days Inn Port Huron,,,,,,
Dayton Freight Lines Inc.;Dayton Freight Lines Inc. P.O. Box 340 Vandalia, Ohio 45377 937-264-4060 ,,,,,
Dean Askounis (ACH) *;Dean Askounis 150 N. Cranbrook Road Bloomfield Hills, MI 48301 ,,,,,
Dell Computers;Dell Computers P.O. Box 643561 Pittsburgh, PA 15264-3561 ,,,,,
Delta,Delta,,,,,,
Detroit Regional Chamber;Detroit Regional Chamber Account Receivable P.O. Box 77359 Detroit, MI  48277-0359 ,,,,,
DF Burnham;DF Burnham Mike Faro 40750 Enterprise Dr. Sterling Heights, MI 48314 ,,,,,
DHL Express;DHL Express - USA 16592 Collections Center Drive Chicago, IL 60693 ,,,,,
DHL Global Forwarding;DHL Global Forwarding 14076 Collection Center Drive Chicago, IL  60693 ,,,,,
DiBella's Subs,Dibella's Subs,,,,,,
DiFACTO Robotics (Wire);DiFACTO Robotics & Automation Pvt. Ltd #18/1A 23rd Main, Marenahalli JP Nagar 2nd Phase Bangalore, 560 078 India ,,,,,
DigiKey;DigiKey P.O. Box 250 Thief River Falls, MN 56701-0250 ,,,,,
Discount Office Equipment;Discount Office Equipment 1991 Coolidge, Berkley, MI 48072 ,,,,,
Discount Ramps;discount Ramps 760 S. Indiana Ave. West Bend, WI 53095 ,,,,,
DLS WORLDWIDE;RR Donnelley Logistics Services Worldwide dba DLS WORLDWIDE PO BOX 932721 Cleveland, OH 44193 ,,,,,
Domonique Call;Domonique Call 638 Mallard Way Oxford, MI  48371 ,,,,,
Dongan Electric Mfg. Co.;Donagan Electric Mfg. Co. 34760 Garfield Rd. Fraser, MI  48026 ,,,,,
DOPAG US Ltd (ACH);DOPAG (US) Ltd 1445 Jamike Dr, Suite 100 Erlanger, KY  41018 ,,,,,
Douglas Jones Trading Ltd;Douglas Jones Trading (Pty) Ltd PO Box 669 Constantia, Western Cape 7848 South Africa ,,,,,
Draka Elevator / Prysmian;Draka Elevator Products, Inc. 2151 N. Church Street Roucky Mount, NC 27804 ,,,,,
DTE Energy (Bill Pay);DTE Energy PO Box 740786 Cincinnati, OH  45274-0786 ,,,,,
Du-All  Drafting & Art;Du-All Drafting & Art Supply, Inc. 31431 John R Madison Heights, MI  48071 ,,,,,
Dultmeier Sales (ACH);Dultmeier Sales, LLC PO Box 45565 Omaha, NE 68145-0565 ,,,,,
Dun and Bradstreet - CC,,,,,,,
Dwyer Instruments (ACH);Dwyer Instruments, Inc. PO Box 373 Michigan City, IN 46361-0373 USA ,,,,,
E & R Industrial Sales (ACH);E & R Industrial Sales, Inc. 16294 Collection Center Chicago, IL  60693 ,,,,,
E3 Industries;E3 Industries LLC 145 S. Livernois Rd. STE 248 Rochester, MI  48307 ,,,,,
"Eagle Office Solutions, Inc";Eagle Office Solutions, Inc 1280 E Big Beaver, STE A-2 Troy, MI  48083 ,,,,,
Eastern Oil Company;Eastern Oil Company 590 S. Paddock Pontiac, MI  48341 ,,,,,
Eastman Fire Protection;Eastman Fire Protection 1450 Souter Troy, MI  48083-2871 ,,,,,
EBAY,EBAY,,,,,,
ebm-papst Inc.;EbmPapst 100 Hyde Road Farmington, CT 06034 ,,,,,
Echo Electric - CC,,,,,,,
Efficient Logistics;Efficient Logistics 27480 Wick Rd. Romulus, MI 48174 ,,,,,
ElecDirect.com;Elecdirect.com LLC 9-6311 Inducon Corporate Drive Sanborn, NY  14132 ,,,,,
Elect-Air;Elect-Air 11897 Cabernet Dr. Suite C Fontana, CA 92337 ,,,,,
Electra-Tech Manufacturing Inc.;Electra-Tech Manufacturing Inc. 5130 Hennin Drive Oldcastle, (Windsor) Ontario N0R 1L0 Tel: 519-737-6911 ,,,,,
Electra Supply Inc.;Electra Supply Inc. 29 Cherry Blossom Rd. Cambridge, Ont N3H 4R7 ,,,,,
Electriduct Cable Management;Electriduct Cable Management 6250 NW 27th Way Fort Lauderdale, FL 33309 ,,,,,
Electro Matic Products (ACH);Electro-Matic Products, Inc. 23409 Industrial Park Ct Farmington Hills, MI  48335 ,,,,,
Empire Wire & Supplies (ACH);Empire Wire & Supply, LLC 2119 Austin Avenue Rochester Hills, MI  48309 ,,,,,
Enterprise Rent A Car;Enterprise Rent A Car 1080 N. Opdyke Rd. Auburn Hills, MI  48326 ,,,,,
Essentra (ACH) was Reid;Essentra Components 62919 Collection Center Drive Chicago,IL 60693-0629 ,,,,,
Etxe-Tar USA Corp.;Etxe-Tar USA 1270 Rankin Drive, Suite E Troy, MI  48083 ,,,,,
Euchner-USA Inc.;Euchner-USA Inc. 6723 Lyons St. East Syracuse, NY 13057 ,,,,,
EXAIR Corporation (ACH);EXAIR Corporation Location 00766 Cincinnati, OH  45264-0766 ,,,,,
Excell Transport LLC;Excell Transport LLC 1471 Hertford Ct. Oxford, MI  48371 ,,,,,
Exclusive GP Limited,Exclusive GP Limited S10 Kestrel Court Portishead Bristol BS20 7AN United Kingdom,,,,,,
Exilite 298 cc (SA$),Exilite 298 cc 16 Turner Street Rowallan Park P.E. 6025,,,,,,
Exotic Automation & Supply;Exotic Automation & Supply Department # 233601 P.O. Box 67000 Detroit, Mi 48267-2336 ,,,,,
Experienced Concepts Inc;Experienced Concepts, Inc. P.O. Box 556 Romeo, MI  48065 ,,,,,
Extended Stay America;Extended Stay America 260 Town Center Drive Dearborn, MI  48126 ,,,,,
Fanuc Robotics;Fanuc Robotics America Corporation 16272 Collection Center Drive Chicago, IL  60693 ,,,,,
Fanuc Robotics Mexico (Wire);FANUC Robotics Mexico S.A. de C.V. Circuito Aguascalientes Norte 136 Parque Industrial del Valle de Aguascalientes C.P. 20355, Aguascalientes, Ags. Mexico ,,,,,
Fastenal;Fastenal Company PO Box 978 Winona, MN  55987-0978 ,,,,,
Fastenal - Taylor;Fastenal P.O. Box 978 Winona, MN 55987-0978 ,,,,,
Fastenal - Windsor;Fastenal Canada LTD 860 Trillium Drive - Ste 117 Kitchener, ON  N2R 1K4 ,,,,,
Fedex (Bill Pay);FedEx PO Box 371461 Pittsburgh, PA  15250-7461 ,,,,,
FedEx Trade Networks;FedEx Trade Networks T10007C/U P.O. Box 10007 Postas Station A Toronto, ON M5W 2B1 ,,,,,
Festo Corporation;Festo Corporation 395 Moreland Road Hauppauge, NY 11788 ,,,,,
Fife-Pearce Electric Co.;Fife-Pearce Electric Co. 20201 Sherwood Detroit, MI  48234 ,,,,,
First Industrial (ACH);First Industrial, L.P. P.O. Box 932761 Cleveland, OH 44193 ,,,,,
Fischer Body Refinishing Inc;Fischer Body Refinishing Inc 1759 Maplelawn Drive Troy, MI  48084 ,,,,,
Fischer Fixing Systems;Fischer Fixings LLC 62 Orange Avenue Suffern, NY  10901 ,,,,,
Flotronics;Flotronics, Inc. Dan Tennant 10435 Ortonville Rd #A Clarkston, MI 48348 ,,,,,
Fluid Systems Engineering;Fluid Systems Engineering 18855 E. 14 Mile Clinton Twp., MI  48035 Tel:586-790-8880 ,,,,,
Foley & Mansfield;Foley & Mansfield 130 East Nine Mile Road Ferndale, MI  48220 ,,,,,
Foremost Industrial Technologies;Foremost Electric & Transmission, Inc. 6518 W. Plank Road Peoria, IL  61604 ,,,,,
Fraser Fab & Machine (ACH);Fraser Fab & Machine, Inc. 1696 Star Batt Drive Rochester Hills, MI  48309 ,,,,,
FRAZA FORKLIFTS;FRAZA FORKLIFTS 6570 19 Mile Rd, Sterling Heights, MI 48314 ,,,,,
Freightquote.com;Freightquote.com 1495 Paysphere Circle Chicago, IL  60674 ,,,,,
FUEL,FUEL,,,,,,
Future Tool & Machine;Future Tool & Machine 28900 Goddard Rd Romulus, MI 48174 ,,,,,
"Gable Manufacturing, Inc.";Gable Manufacturing, Inc. Mike Herd 667 Elmwood Troy, MI  48038 ,,,,,
Galco Industrial Electronics;Galco Industrial Electronics 26010 Pinehurst Madison Heights, MI 48071 ,,,,,
Gary's Airport Transportation;Gary's Airport Transportation c/o Michelle Kliczinski 7956 Alton Street Canton, MI 48187 ,,,,,
Gary A. Staup;Gary A. Staup 2393 Tandy Drive Flint, Mi 48532 ,,,,,
Gasdorf;Gasdorf Tool & Machine Co., Inc. 445 N. McDonel St. Lima, OH 45801 ,,,,,
GE Capital (Bill Pay);General Electric Capital Corporation PO Box 642111 Pittsburgh, PA 15264-2111 ,,,,,
Geisler CO.;Geisler CO. 30295 Schoolcraft Road. Livonia, MI 48150 ,,,,,
GlobalIndustrial.com;GlobalIndustrial.com Karen Spates 2505 Mill Center Parkway Suite 100 Buford, GA 30518 ,,,,,
GNEPaint;674 S Lapeer Rd. Lake Orion, MI 48362 ,,,,,
Google Voice - CC,,,,,,,
GORDON BRUSH;GORDON BRUSH 6247 Randolph Street, Commerce, CA 90040 ,,,,,
Grainger;W.W. Grainger, Inc. Dept 875323875 Palatine, IL  60038-0001 ,,,,,
Great Lakes Export;Great Lakes Export 623 Lycaste Detroit, MI  48214 ,,,,,
Great Lakes Fastenars;Great Lakes Fastenars 5075 Clay Ave. SW Ste. A Grand Rapids, MI 49548 ,,,,,
Grid4 Communications (Bill Pay);Grid4 Communications, Inc. PO Box 77000 Dept 77224 Detroit, MI  48277-0224 ,,,,,
Guadalupe Lara Chavez/Javier Robles;Ma. Guadalupe Lara Chavez Calle Rhin No 1426, Colonia Santa Julia Irapuato, Guanajuato 36668 MEXICO ,,,,,
Guardian;Guardian PO Box 824404 Philadelphia, PA  19182-4404 ,,,,,
Guardian Alarm;Guardian Alarm Company of Michigan PO Box 5003 Southfield, MI  48086-5003 ,,,,,
"Guelgonza, SA DE CV (Wire)";Guelgonza, S.A. DE C.V. R.F.C. GUE100714383 Emilio Portes Gil 468 Col. Buenos Aires C.P. 25076 Saltillo, Coahuila     MEXICO ,,,,,
H & CS LLC (ACH);H & CS Material Handling Systems E7383 Nietzke Road Clintonville, WI  54929 ,,,,,
H & P Technologies (ACH);H & P Technologies, Inc. 21251 Ryan Road Warren, MI 48091 ,,,,,
H E Lennon;H.E. Lennon 23920 Freeway Park Dr. Farmington Hills, MI 48335 ,,,,,
H H Barnum Company;H.H. Barnum Company 7915 Lochlin Drive Brighton, MI 48116 ,,,,,
Hagopian;Hagopian Cleaning Services 14000 W. Eight Mile Road Oak Park, MI  48237 ,,,,,
Harborfreight.com,Harborfreight.com,,,,,,
Harmonic Drive LLC (ACH);Harmonic Drive LLC 247 Lynnfield Street Peabody, MA  01960 ,,,,,
Hartford (Bill Pay);The Hartford PO Box 660916 Dallas, TX  75266-0916 ,,,,,
Heartland (fka ICI LLC) (ACH);Heartland Automation LLC 2420 Wills Street Marysville, MI  48040 ,,,,,
High Tech Signs (Wire);High Tech Signs BLVD Jesus Valdes Sanchez 1230 Col. Topochico C.P. Saltillo, Coahuila 25284 Mexico ,,,,,
Hilo Guy (Need TIN!);Hilo Guy 38194 Groesbeck Hwy Clinton Twp, MI  48036 ,,,,,
Hilti North America;Hilti North America Attn: Nick Martin 5400 S. 122nd E. Ave Tulsa, Ok 74146 ,,,,,
Holiday Inn - Woodhaven;Holiday Inn Express & Suites Woodhaven 21500 West Road Woodhaven, MI  48183 ,,,,,
Home Depot,Home Depot,,,,,,
Hotham Building Materials (Canada);Hotham Building Materials (Canada) 680 N Service Rd, Windsor, ON N8X 3J3, CA N8X 3J3 CA ,,,,,
HRPro;HRPro 1423 E Eleven Mile Road Royal Oak, MI  48067 ,,,,,
I.I. Enterprises (ACH);I.I. Enterprises Industrial Innovations PO Box 526 Wyandotte, MI  48192 ,,,,,
IBI Group.;IBI Group. 30 International Boulevard Toronto, ON, M9W 5P3, Canada ,,,,,
ID Technology;ID Technology, LLC 2051 Franklin Drive Fort Worth, TX 76106 ,,,,,
IFM Efector;IFM Efector, Inc PO Box 8538-307 Philadelphia, PA 19171-0307 ,,,,,
IFM Mexico (ACH),IFM Efector S. de R.L. de C.V. Pedro Ramirez Vazquez #200-4 Planta Baja Col Valle Oriente San Pedro Garza Garcia C.P. 66269,,,,,,
"Igus, Inc (ACH)";Igus, Inc. PO Box 14349 East Providence, RI  02914 ,,,,,
Illinois Pulley & Gear;Illinois Pulley & Gear 611 Lunt Ave, Unit C Schaumburg, IL  60193 ,,,,,
Integrated Machinery Systems;Integrated Machinery Systems, Inc. 101 North Prospect Ave Itasca, IL 60143 ,,,,,
Intelligent Machine Solutions (wire);Intelligent Machine Solutions, Inc. 1269 E Mt Garfield, Suite D Norton Shores, MI  49441 ,,,,,
Interactive Training Systems;Interactive Training Systems 118 S. Leroy St. Fenton, MI  48430 ,,,,,
International Express Services LLC;International Express 755 W. Big Beaver Rd. Suite 112 Troy, Mi 48084 ,,,,,
"International Robot Support, Inc";International Robot Support, Inc 44990 Heydenreich, Suite D Clinton Twp, MI  48038 ,,,,,
International Wire & Cable;International Wire & Cable, Inc. 44035 Phoenx Dr. Sterling Heights, MI  48314 ,,,,,
Intuit - QB,Intuit - QB,,,,,,
IRS,IRS,,,,,,
IVS Imaging;IVS Imaging 101 Wrangler Suite 201 Coppell, TX 75019 ,,,,,
J & J Locksmith;J & J Locksmith 55 E. Long Lake Rd. #414 Troy, MI  48085 ,,,,,
Jack Rutledge;Jack Rutledge 5230 N Lapeer Road Columbiaville, MI  48421 ,,,,,
James Kennedy;James Kennedy 222 Briarwood Dr Lapeer, MI  48446 ,,,,,
James Kennedy - CC,,,,,,,
Janna Dustin;Janna Dustin 2541 N. Lapeer Rd. Lapeer, MI 48446 ,,,,,
Jet's Pizza,,,,,,,
JGS Machining Co;JGS Machining 4455 Davis Road St. Clair, MI  48079 Tel:810-329-4210 ,,,,,
Jimmy John's,Jimmy John's,,,,,,
John Sherry;John Sherry 1335 W Fairview Lane Rochester HIlls, MI  48306 ,,,,,
"K & S Tree Service, Inc.";K & S Tree Service, Inc. 560 Walker Road Leonard, MI  48367 ,,,,,
Ka-Wood Gear & Machine Co;Ka-Wood Gear & Machine Company 32500 Industrial Drive Madison Heights, MI  48071 ,,,,,
Kargilis Solutions;Kargilis Business Solutions, LLC 212 Shagbark Drive Rochester Hills, MI  48309 ,,,,,
Kentek;Kentek 1 Elm Street Pittsfield, NH  03263 ,,,,,
Kevin Kuhn;Kevin Kuhn 3565 Wakefield Berkley, MI  48072 ,,,,,
Kevin Kuhn CC,Kevin Kuhn CC,,,,,,
Kevin Linehan;Kevin Linehan 1641 Evergreen Trenton, MI  48183 ,,,,,
Kinecor;Kinecor 2187 Huron Church Rd. Bldg 300, Until 310 Windsor, ON  N9C 2L8 Tel:519-948-7487 ,,,,,
KING PUMPS INC;KING PUMPS INC. 253 NW 54th Street, Miami, Florida 33127- ,,,,,
"KLASSEN Custom Fab, Inc.";KLASSEN Custom Fab, Inc. 5140 Ure Street OldCastle, ON   N0R 1L0 Canada ,,,,,
Knight Global;Knight Global 2705 Commerce Parkway Auburn Hills, MI  48326 ,,,,,
Korotkin Insurance Group;Korotkin Insurance Group 26877 Northwestern Hwy #400 Southfield, MI  48033-8418 ,,,,,
Lamination Creation LLC;Lamination Creation LLC Gerald B Babjack 36761 Harwick Court Clinton Township, MI  48035 ,,,,,
LaSalle Electric Supply Co;LaSalle Electric Supply Co. 34073 Schoolcraft Livonia, MI  48151 ,,,,,
Lauderdale Corp (ACH);Lauderdale Development Corporation 5750 New King Drive, Suite 200 Troy, MI  48098 ,,,,,
Lenz;Lenz PO Box 1044 Dayton, OH 45401 ,,,,,
Lima Memorial Health System;Lima Memorial Health System PO Box 713240 Columbus, OH 43271-3240 ,,,,,
Load One (ACH);Load One Transportation & Logistics 13221 Inkster Road Taylor, MI 48180 ,,,,,
LOGOMAT (ACH);LOGOMAT Automation Systems, Inc 2595 Arbor Tech Drive Hebron, KY  41048 ,,,,,
Lowes,Lowes,,,,,,
Lowry Solutions;Lowry Solutions 9420 Maltby Rd. Brighton, MI 48116 ,,,,,
Macomb Community College;Macomb Community College Cashier CC-G122 44575 Garfield Rd. Clinton Twp., Mi 48038 ,,,,,
Madison Electric (ACH);Madison Electric Company 31855 Van Dyke Ave Warren, MI  48093-1047 ,,,,,
MAG Automotive;MAG IAS LLC 75 Remittance Drive Suite 3277 Chicago, IL 60675-3277 ,,,,,
MAHEJA;MAHEJA Prol. Aldama No. 1004, CO 38160 MEXICO ,,,,,
Majors McGuire;Majors McGuire 3235 Electricity Dr, Unit B Windsor, ON N8W 5J1 Canada ,,,,,
Maquinados Industriales Limat;Maquinados Industriales Limat Rio Hondo, No. 225 Fracc. Fundadores Saltillo, Coahuila 25019 ,,,,,
Marathon Industrial,Marathon Industrial,,,,,,
"Marc Dutton Irrigation, Inc.";Marc Dutton Irrigation, Inc. 4720 Hatchery Road Waterford, MI 48329 ,,,,,
Marshall E. Campbell;Marshall E. Campbell 2975 Lapeer Rd. Port Huron, MI 48060 ,,,,,
"Marshall Sales, Inc.";Marshall Sales, Inc. 14359 Meyers Road Detroit, MI  48227 ,,,,,
Masterfile.com,Masterfile.com,,,,,,
Matuk Automation Services;Matuk Automation Services Margain 575 Parque Corp. Sta. Engrade, Sa ,,,,,
Matzka Inc.;Matzka Inc. 25255 Mound Rd. Warren, MI  48091 ,,,,,
McCarver Mechanical;McCarver Mechanical Heating & Cooling 32486 Dequindre Warren, MI 48092 ,,,,,
"McKernan, Inc.";McKernan, Inc. 30596 Groesbeck Highway Roseville, MI 48066 ,,,,,
McMasters Carr;McMaster-Carr PO Box 7690 Chicago, IL  60680-7690 ,,,,,
McNaughton - McKay (ACH);McNaughton-McKay Electric Co Dept 14801 PO Box 67000 Detroit, MI 48267-0148 ,,,,,
Meijer Inc,Meijer Inc,,,,,,
Metalmite Corporation;Metalmite Corporation 194 S. Elizabeth St Rochester, MI  48307 ,,,,,
Meteor (fix address);Quantum Digital Ventures, LLC Meteor 1099 Chicago Road Troy, MI  48083 ,,,,,
MetLife;MetLife Dental TM 05 995185 0001, Vision 97377737 PO Box 803323 Kansas City, MO  64180-3323 ,,,,,
Metzler Locricchio Serra Co CPA;Metzler Locricchio Serra & Company, P.C. 1800 W Big Beaver Rd, Suite 100 Troy, MI  48084-3531 ,,,,,
MICCO;MICCO 25831 Commerce Dr. Madison Heights, MI  48071 ,,,,,
Michigan Computer Solutions;Michigan Computer Solutions 37257 Mound Rd. Suite B Sterling Heights, MI  48310 ,,,,,
Michigan Mechanical Services Inc.;Michigan Mechanical Services Inc. 25445 Brest Road Taylor, MI  48180 ,,,,,
Micro Center;Micro Center 32800Concord Drive Madison Heights, MI 43071 ,,,,,
MicroDAQ.com;MicroDAQ.com P.O. Box 439 879 Maple St. Contoocook, NH  03229 ,,,,,
Mid-State Material Handling (ACH);Mid-State Material Handling, Inc. 8226 S. Saginaw Street, Suite B Grand Blanc, MI  48439 ,,,,,
"Midbrook, Inc.";Midbrook Industrial Washers, Inc. 2070 Brooklyn Road Jackson, MI  49203 ,,,,,
Mike Gresham Snowplowing;Gresham's Snowplowing, Inc. PO Box 81456 Rochester, MI  48308 ,,,,,
Mike Silbereis;Mike Silbereis 4816 Aviemore Drive Sterling Heights, MI 48314 ,,,,,
Mister Safety Shoes Inc.;Mister Safety Shoes Inc. 2300 Finch Ave W, Suite 6 Toronto, ON  M9M 2Y3 Canada ,,,,,
MiSUMI USA Inc.;Misumi USA, Inc. 26797 Network Place Chicago, IL  60673-1267 ,,,,,
Modular Aluminum Technology;Flotronics, Inc. Modular Aluminum Technology 7214 Gateway Park Drive Clarkston, MI  48346 ,,,,,
"Morrell, Inc. (ACH)";Morrell, Inc. Dept 20301 PO Box 67000 Detroit, MI  48267-0203 ,,,,,
Motion Industries;Motion Industries, Inc. PO Box 98412 Chicago, IL  60693-8412 ,,,,,
Mr. Paul's Chophouse,Mr. Paul's Chophouse,,,,,,
"MSI-Viking Gage, LLC";MSI-Viking Gage, LLC PO Box 537 Duncan, SC  29334 ,,,,,
MTE Controls;MTE Controls 5135 Hennin Drive Oldcastle, ON  N0R 1LO CANADA ,,,,,
Murthy Law Firm;The Law Office of Sheela Murthy, P.C. Murthy Law Firm 10451 Mill Run Circle, Suite 100 Owings Mills, MD  21117 ,,,,,
MyWhiteBoards.com,MyWhiteBoards.com,,,,,,
National Notary Association;National Notary Association 9350 Desoto Ave Chatsworth, CA 91311-4926 ,,,,,
National Safety,National Safety - Online,,,,,,
Newark,Newark,,,,,,
Nicholas Leggieri;Nicholas Leggieri 772 Kimberly Apt 302 Lake Orion, MI 48362 ,,,,,
Nikhil C.V. - CC,,,,,,,
Nikhil CV Amex CC,Nikhil CV Amex CC,,,,,,
Nikhil Vadakanmareveettil;Nikhil Vadakanmareveettil Kamalalayam, Keloth, Payyanur Kerala - 670307, India ,,,,,
North Electric Supply Company;North Electric Supply Company 1290 North Opdyke Road Auburn Hills, MI  48326 ,,,,,
North Pointe Insurance Company;North Pointe Insurance Company PO Box 78567 Milwaukee, WI  53278-0567 ,,,,,
Northern Tool;Northern Tool 2800 Southcross Drive West Burnsville, MN 55337 ,,,,,
"NRAI, Inc";NRAI, Inc. PO Box 4349 Carol Stream, IL  60197-4349 ,,,,,
NWA Air,NWA Air,,,,,,
Office Max,Office Max,,,,,,
Office Team;Office Team 12400 Colletions Center Drive Chicago, IL 60693 ,,,,,
Oldi;Oldi 7209 Chapman Highway Knoxville, TN 37920 ,,,,,
Olive Garden,Olive Garden,,,,,,
omega technologies;omega technologies 31125 Via Colinas #905 Westlake Village, CA 91362 ,,,,,
Omkar Rege;Omkar A Rege 606 E Stoughton, Apt 204 Champaign, IL  61820 ,,,,,
Omni Metalcraft (ACH);Omni Metalcraft Corp PO Box 352 Alpena, MI  49707 ,,,,,
Omni Tool;Omni Tool Ltd 5495 Outer Drive Windsor, ON  N9A 6J3 CANADA ,,,,,
Orange Coast Pneumatics;Orange Coast Pneumatics. 3810 Prospect Ave. Unit A Yorba Linda, Unit A Yorba Linda, CA 92286 ,,,,,
"Pahoa Express, Inc.";Pahoa Express, Inc. 38151 Groesbeck Hwy Clinton Townhip, MI  48036 ,,,,,
Palazzo Di Bocce;Palazzo di Bocce 4291 S Lapeer Road Orion, MI  48359 ,,,,,
Panera Bread,Panera Bread,,,,,,
Pari - India (V);Precision Automation & Robotics India Ltd Gat No. 463A, 463B, 464 (Project) Village Dhangarwadi, Taluka Khandala, District Satara - 412801, Maharashtra India ,,,,,
PARI India - CAT IMS 3578;Precision Automation & Robotics India Ltd Gat No. 463A, 463B, 464 (CAT IMS) Village Dhangarwadi, Taluka Khandala, District Satara - 412801, Maharashtra India ,,,,,
PARI India - Chrysler Mexico;Precision Automation & Robotics India Ltd Gat No. 463A, 463B, 464 (Ch-Tigershark) Village Dhangarwadi, Taluka Khandala, District Satara - 412801, Maharashtra India ,,,,,
PARI India - Chrysler Tipton;Precision Automation & Robotics India Ltd Gat No. 463A, 463B, 464 (Tipton Project) Village Dhangarwadi, Off Pune Satara Hwy, Dist. Satara, Taluka - Khandala, Satara - 412801 (Maharashtra) India ,,,,,
PARI India - Chrysler Trenton;Precision Automation & Robotics India Ltd Gat No. 463A, 463B, 464 (Trenton Project) Village Dhangarwadi, Taluka Khandala, District Satara - 412801, Maharashtra India ,,,,,
PARI India - Fanuc;Precision Automation & Robotics India Ltd Gat No. 463A, 463B, 464 (Fanuc Program) Village Dhangarwadi, Taluka Khandala, District Satara - 412801, Maharashtra India ,,,,,
PARI India - FMCSA;Precision Automation & Robotics India Ltd Gat No. 463A, 463B, 464 (FMCSA Project) Village Dhangarwadi, Taluka Khandala, District Satara - 412801, Maharashtra India ,,,,,
PARI India - Ford Essex;Precision Automation & Robotics India Ltd Gat No. 463A, 463B, 464 (Essex Coyote) Village Dhangarwadi, Taluka Khandala, District Satara - 412801, Maharashtra India ,,,,,
PARI India - Ford Lima;Precision Automation & Robotics India Ltd Gat No. 463A, 463B, 464 (Ford Lima) Village Dhangarwadi, Taluka Khandala, District Satara - 412801, Maharashtra India ,,,,,
PARI India - Ford Mexico;Precision Automation & Robotics India Ltd Gat No. 463A, 463B, 464 (Ford Mexico) Village Dhangarwadi, Taluka Khandala, District Satara - 412801, Maharashtra India ,,,,,
PARI India - Ford Sterling;Precision Automation & Robotics India Ltd Gat No. 463A, 463B, 464 (Ford Sterling) Village Dhangarwadi, Taluka Khandala, District Satara - 412801, Maharashtra India ,,,,,
PARI India - Global Parts;Precision Automation & Robotics India Ltd Gat No. 463A, 463B, 464 (Global Parts) Village Dhangarwadi, Taluka Khandala, District Satara - 412801, Maharashtra India ,,,,,
PARI India - Heller (Euro);Precision Automation & Robotics India Ltd Gat No. 463A, 463B, 464 (Heller Program) Village Dhangarwadi, Taluka Khandala, District Satara - 412801, Maharashtra India ,,,,,
PARI India - Heller (USD);Precision Automation & Robotics India Ltd Gat No. 463A, 463B, 464 (HellerUSProgram) Village Dhangarwadi, Taluka Khandala, District Satara - 412801, Maharashtra India ,,,,,
PARI India - MAG IAS;Precision Automation & Robotics India Ltd Gat No. 463A, 463B, 464 (MAG IAS Project) Village Dhangarwadi, Taluka Khandala, District Satara - 412801, Maharashtra India ,,,,,
PARI India - MAG Mexico;Precision Automation & Robotics India Ltd Gat No. 463A, 463B, 464 (MAG Mex Project) Village Dhangarwadi, Taluka Khandala, District Satara - 412801, Maharashtra India ,,,,,
PARI India - PARI Inc;Precision Automation & Robotics India Ltd Narhe Factory: S. No. 38/2, Narhe, Tal. Haveli, Pune  411041, India ,,,,,
PARI India - Spares Misc;Precision Automation & Robotics India Ltd Gat No. 463A, 463B, 464 (Spares Program) Village Dhangarwadi, Taluka Khandala, District Satara - 412801, Maharashtra India ,,,,,
PARI India - ZF Group;Precision Automation & Robotics India Ltd Gat No. 463A, 463B, 464 (ZF Group) Village Dhangarwadi, Taluka Khandala, District Satara - 412801, Maharashtra India ,,,,,
PARI India Misc Payble;Precision Automation & Robotics India Ltd Gat No. 463A, 463B, 464 (Misc Project) Village Dhangarwadi, Taluka Khandala, District Satara - 412801, Maharashtra India ,,,,,
Parker Steel International;Parker Steel International 1819 Starr Ave. Toledo, OH 43605 ,,,,,
Patlite Corp.;Patlite Corp. 20130 S. Western Ave. Torrance, CA 90501 ,,,,,
Patrick Gleason;Patrick Gleason 34335 Heartsworth Lane Sterling Heights, MI  48313 ,,,,,
Peerless Steel (ACH);Peerless Steel Richard Leitch 2450 Austin Troy, MI 48083 ,,,,,
Pei Wei,Pei Wei,,,,,,
Pepperl+Fuchs;Pepperl + Fuchs, Inc. P.O. Box 1041 New York, NY 10268-1041 ,,,,,
Pfannenberg;Pfannenberg Inc. Attn: Chris Lauderback 68 Ward Road Lancaster, NY  14086 ,,,,,
Phonenix Machinery Movers;Phonenix Machinery Movers 50555 Corporate Drive Shelby Twp, MI  48315-3103 ,,,,,
PIAB USA Inc (ACH);PIAB USA ,Inc. PO Box 644491 Pittsburgh, PA  15264-4491 ,,,,,
"Pilz Automation Safety, LP";Pilz Automation Safety, LP 7021 Solutions Center Chicago, IL  60677-7000 ,,,,,
PIP1501108827,PIP1501108827,,,,,,
Pitt Ohio LTL;Pitt Ohio LTL PO Box 643271 Pittsburgh, PA  15264-3271 ,,,,,
PLC-Mall.com;Automation Suppliers, Inc. dba: plc-mall.com 221 W Nolana, Ste C McAllen, TX  78504 ,,,,,
Plotterpaper.com,Plotterpaper.com,,,,,,
"PMR Industries, Inc.";PMR Industries, Inc. 2311 - 16TH Street Port Huron, MI  48060 ,,,,,
"Pontiac Steel Co.,Inc.";Pontiac Steel Co.,Inc. P.O. Box 81665 Rochester, MI 48308 ,,,,,
Port Huron Building Supply;Port Huron Building Supply 3555 Electric Ave. Port Huron, MI 48060 ,,,,,
"Preferred Data Imaging, Inc.";Preferred Data Imaging, Inc. PO Box 10597 Canoga Park, CA  91309 ,,,,,
Preferred Shipping (ACH);Preferred Shipping Inc. 12714 Settemont Rd. Missouri City, TX  77489 ,,,,,
"Pro-Graphics, Inc.";Pro-Graphics, Inc. 1092 Centre Rd. Auburn Hills, MI 48326 ,,,,,
Pro-Tech Graphics;Pro-Tech Graphics 34851 Groesbeck Hwy Clinton Twp, MI  48035 ,,,,,
Pro Ultra Clean;Pro Ultra Clean P.O. Box 33244 Bloomfield Hills, MI  48303 ,,,,,
Production Tool Supply;Production Tool Supply Co, LLC PO Box 670587 Detroit, MI  48267-0587 ,,,,,
Professional Freight Solutions;Professional Freight Solutions 6303 26 Mile Road, Ste 201 Washington Twp, MI  48094 ,,,,,
Promotional Solutions;Promotional Solutions, LLC 48530 Van Dyke Ave Shelby Twp, MI  48317 ,,,,,
QC Lubricants;QC Lubricants CAGE CODE 9Y364 7360 Milnor St. Philadelphia, PA 19136 ,,,,,
QPS;QPS 81 Kelfield Street, Units 7-9 Toronto, ON  M9W 5A3 CANADA ,,,,,
Quality Welding & Fabrication;Quality Welding & Fabrication Ashley Miller 4330 East Road Elida, OH   45807 ,,,,,
Quill Inc.;Quill Inc. P.O. 37600 Philidelphia, PA 37600 ,,,,,
"R & A Heating And Cooling, Inc.";R & A Heating And Cooling, Inc. 275 Biltmore Dr Troy, MI  48084 ,,,,,
Radix (wire);Radix Inc. 5140 Concession Road 8 Maidstone, ON  N0R 1K0 Canada ,,,,,
Rahul D. Bhosale,Rahul D. Bhosale,,,,,,
Rahul D. Bhosale CC,,,,,,,
Rahul Keskar;Rahul Keskar 55 North Plaza Blvd Apartment 412 Rochester Hills, MI 48307 ,,,,,
Rahul Keskar - CC,,,,,,,
Ramco Innovations (ACH);Ramco Innovations, Inc. PO Box 65310 West Des Moines, IA  50265 ,,,,,
Rangoli Event Management;Rangoli Event Management 3055 E Walton Blvd Auburn Hills, MI  48326 ,,,,,
Rangoli Indian,Rangoli Indian,,,,,,
Rapid Machine (ACH);Rapid Machine, Inc. 43738 Merrill Rd Sterling Heights, MI  48314 ,,,,,
"Ray Sagan & Sons, Inc.";Ray Sagan & Sons, Inc. 401 Bonnie Lane Elk Grove Village, IL  60007 ,,,,,
Red Cross,Red Cross,,,,,,
Red Roof Inn,Red Roof Inn,,,,,,
Reliance Communication,Reliance Communication,,,,,,
Renee Compeau;Renee Compeau 23210 Pinetree Circle Macomb, MI 48042 ,,,,,
Republic Svc(fka Allied Waste) (Bill Pay);Republic Services #253 PO Box 9001099 Louisville, KY  40290-1099 ,,,,,
Rhonda Hughes;Rhonda Hughes 639 Leyland Court Lake Orion, MI  48362 ,,,,,
Rhonda Hughes Amex CC,Rhonda Hughes Amex CC,,,,,,
Ritter Technology LLC;Ritter Technology LLC 100 Williams Drive Zelienople, PA  16063 ,,,,,
River Urgent Care;The River Urgent Care 18930 West Road Woodhaven, MI 48183-3317 ,,,,,
Rizzo (fka All Waste) (Bill Pay);Rizzo Environmental Services dba Rizzo Services 6200 Elmridge Dr Sterling Heights, MI 48313 ,,,,,
Roboteq;Roboteq 7898 E. Acoma Dr. #102 Scottsdale, AZ 85260 ,,,,,
Rochester Hills Exec Park Owner Assn;Rochester Hills Executive Park Owners Association 2 Town Square Suite 850 Southfield, MI 48076 ,,,,,
"Rochester Mini Storage, Inc";Rochester Mini-Storage, Inc 1790 S Livernois Rd Rochester Hills, MI  48307 ,,,,,
Rocket Software (fka Trubiquity) (ACH);Rocket Software Systems, Inc. PO Box 842469 Boston, MA  02284-2469 ,,,,,
Romano's Macaroni Grill,Romano's Macaroni Grill,,,,,,
Rophin Paul;Rophin Paul 3771 Sleepy Fox Dr Rochester Hills, MI  48309 ,,,,,
Rophin Paul - CC,,,,,,,
Rophin Paul Amex CC,Rophin Paul Amex CC,,,,,,
Rose and Boplar Enclosures;Phoenix Mecano, Inc. 7330 Executive Way Frederick, MD  21704 ,,,,,
Roy Smith Company;Roy Smith Company 14650 Dequindre Detroit, Mi 48212 ,,,,,
Royal Alliance Industries;Royal Alliance Industries, Inc. 1701 W. Hamlin Rd. Rochester Hills, MI  48309 ,,,,,
RTI Laboratories;RTI Laboratories 33080 Industrial Rd. Livonia, MI 48150 ,,,,,
Sabic Polymers - CC,,,,,,,
Safety Label Solutions;Safety Label Solutions 112 Highview Road Milford, PA  48337 ,,,,,
Safetybee;Safetybee 2201 N. Lakewood Blvd, Suite D# 222 Long Beach, CA 90815 ,,,,,
Saket Hardikar;Saket Hardikar 288, Woodside Ct. Apt # 175 Rochester Hills, MI - 48307 ,,,,,
Saket Hardikar - CC,,,,,,,
Sam's Club,Sam's Club,,,,,,
Sameer Umrani;Sameer Umrani 60 Village Circle Dr, #12 Rochester Hills, MI  48307 ,,,,,
Sameer Umrani - CC,,,,,,,
Sentec Automation;Sentec Automation Components, Inc 5600C Williams Lake Road Waterford, MI 48329 ,,,,,
Sentry Insurance;Sentry Insurance 1800 North Point Drive Stevens Point, WI 54481 ,,,,,
Service Master Cleaning Service;ServiceMaster Commercial Cleaning Service P.O. Box 171 Metamora, MI 48455 ,,,,,
"Seyburn, Kahn, Ginn, Bess, Serlin(Lawyer)";Seyburn, Kahn, Ginn, Bess & Serlin, P.C. 2000 Town Center, Suite 1500 Southfield, MI  48075-1195 ,,,,,
"Shaltz Automation, Inc.";Shaltz Automation, Inc. Division of Shaltz Fluid Power 5190 Exchange Drive Flint, MI  48507 ,,,,,
Shawnee Rentals;Shawnee Rentals 742 W. North Street Lima, OH  45801 ,,,,,
Shell Oil,Shell Oil,,,,,,
Sherwin Williams;Sherwin-Williams Co (#1172) 50495 Corp Dr Ste 101 Shelby Twp, MI  48315-3132 ,,,,,
Shores Technologies (ACH) *;Shores Technologies, Inc. 22904 Industrial Drive West St. Clair Shores, MI  48080-1311 ,,,,,
Siemens Industry (ACH);Siemens Industry, Inc. P.O. Box 371034 Pittsburgh, PA 15251 ,,,,,
Sigrid & Associates (ACH);Sigrid & Associates, Inc. Thurland Johnston 2224 Juniper Ct Shelby Twp, MI  48316 ,,,,,
Sir Speedy;Sir Speedy John Gregorich 1942 Star Batt Dr. Rochester Hills, MI 48309 ,,,,,
SJC Controls *(ACH);SJC Controls, Inc. ATTN: Accounts Receivable 51410 Milano Drive, Ste #114 Macomb, MI  48042 ,,,,,
Sleep Inns  - CC,,,,,,,
Snap on Tool Online;IDSC Holdings LLC, dba Snap-on Industrial a division of IDSC Holdings LLC 2801 80th St Kenosha, WI  53143 ,,,,,
Society of Manufacturing Engineers;Society of Manufacturing Engineers PO Box 6028 Dearborn, MI  48121 ,,,,,
Solutions for Industry (ACH)*;Solutions for Industry, Inc. 13171 Day Rd Hudson, MI 49247 ,,,,,
Southwest AirLines,Southwest AirLines,,,,,,
Staples Advantage;Staples Advantage Dept DET PO Box 83689 Chicago, IL  60696-3689 ,,,,,
Star Hydraulics;Star Hydraulics Mike Lenisa 2727 N. Clinton St. River Grove, IL 60171 ,,,,,
State Of Michigan - Collection Division;State Of Michigan - Collection Division Michigan Department of Treasury P.O. Box 30199 Lansing, Mi 48909-7699 ,,,,,
State of Michigan - Licence Plate;Michigan Department of State 7064 Crowner Drive Lansing, MI 48980-0001 ,,,,,
State of Michigan - Licensing;Department of Licensing & Regulatory Affairs - Burerau of Commercial Services Corporation Division P.O. Box 30702 Lansing, Mi 48909 ,,,,,
State of Michigan - Treasury;State of Michigan Michigan Department of Treasury P.O. Box 30774 Lansing, MI  48909-8274 ,,,,,
Stephen Drouillard;Steve Drouillard 3790 Rolling Hills Road Orion, MI 48359 ,,,,,
Sterling Backcheck (ABSO);Sterling Backcheck (ABSO) Neewark Post Office P. O. Box 36482 Newark, NJ 07193-6482 ,,,,,
Suburban Bolt (ACH);Suburban Bolt & Supply Co. 27670 Grosebeck Highway Roseville, MI 48066 ,,,,,
Sukho Thai of Rochester,Sukho Thai of Rochester,,,,,,
Sumita Austen;Sumita Austen 1528 Oakridge Drive Rochester Hills, MI  48307 ,,,,,
Sumitha Paul,Sumitha Paul,,,,,,
SUNTEL SERVICES;SUNTEL SERVICES 1005 Crooks Rd, STE.100 Troy, MI 48084 ,,,,,
SupplyDen;SupplyDen 1837 Enterprise Dr. Rochester Hills, MI 48309 ,,,,,
Survey Monkey,Survey Monkey,,,,,,
Syndevco;Syndevco, Inc. 24205 Telegraph Road Southfield, MI  48033 ,,,,,
SYSTEMATIC MANUFACTURING INC;SYSTEMATIC MANUFACTURING INC 6522 DIPLOMAT DR. STERLING HEIGHTS, MI 48314 ,,,,,
Taste of Thailand,Taste of Thailand,,,,,,
Teal Electric;Teal Electric 1200 Naughton Avenue P.O. Box 1189 Troy, MI  48099 ,,,,,
Technical Training Inc. (TTi) (ACH);Technical Training Inc. 3903 W Hamlin Road Rochester Hills, MI 48309 ,,,,,
Techno Montajes (ACH);Techno Montajes Roberto Martinez BLVD. Gustavo Diaz no. 201, Col. Loma Lin Ramos Arizpe, Coahuila 25900 Mexico ,,,,,
Telecom Data (Formerly MCM);Telecom Data Solutions LLC PO Box 618 Lake Orion, MI  48361 ,,,,,
Telesis Technologies Inc;Telesis Technologies Inc. 16023 Collection Center Drive Chicago, Il 60693 ,,,,,
Tennant Sales and Service Co.;Tennant Sales and Service Company P.O. Box 71414 Chicago, IL 60694-1414 ,,,,,
Terry Wells;Terry Wells 20007 Towner Dr Clinton Twp, MI  48038-4931 ,,,,,
Terry Wells - CC,,,,,,,
TestAmerica Labs (ACH);TestAmerica Laboratories, Inc. 10448 Citation Dr. Ste. 200 Brighton, MI  48116 ,,,,,
Theorem Solutions Inc.;Theorem Solutions Inc. 6279 Tri-Ridge Blvd, Ste 240 Loveland, OH 45140-8396 ,,,,,
Thomson Linear Motion;Thomson Linear Motion 3606 Collections Center Dr Chicago, IL  60693 ,,,,,
Thumb Rigging (ACH);Thumb Rigging & Erectors, Inc. 14850 Downey Road PO Box 189 Capac, MI  48014 ,,,,,
Tina Sirls,Tina M Sirls,,,,,,
Titan Metallurgy;Titan Metallurgy 10221 Capital Ave. Oak Park, MI 48237 ,,,,,
Titan Tool;Titan Tool Company, Inc. 7410 W Ridge Road PO Box 220 Fairview, PA  16415 ,,,,,
TNT Express;TNT USA INC PO Box 182592 Columbus, OH  43218-2592 ,,,,,
Towne Place & Suites,Towne Place & Suites,,,,,,
Travel Booth(Sky Bird);Travel Booth 5358 Matthew Terrace Fremont, CA  94555 ,,,,,
Travelers Insurance;Travelers Insurance CL Remittance Center PO Box 660317 Dallas, TX  75266-0317 ,,,,,
Travelocity.com,,,,,,,
Tri-Arc Mfg (ACH);Tri-Arc Manufacturing Company 390 Fountain Street Pittsburgh, PA  15238 ,,,,,
Tri-State Fastener;Tri-State Fastener, Inc. 65 Vineyard Road Seekank, MA  02771 ,,,,,
Triumph Commercial Finance;Triumph Commercial Finance 3 Park Central, Suite 1700 12700 Park Central Drive Dallas, TX  75251 ,,,,,
Turck Inc;TURCK INC. MI 67, PO Box 9201 Minneapolis, MN 55480-9201 ,,,,,
Turner Kimball Rental LLC;Turner Kimball Rental LLC 1485 South Shore Drive Holland, MI  49423 ,,,,,
Uline;ULINE ATTN: Accounts Receivable PO Box 88741 Chicago, IL  60680-1741 ,,,,,
Uncle Squeegee's Inc.;Uncle Squeegee's Window Cleaning PO Box 380225 Clinton Twp, MI  48038 ,,,,,
United Airlines,,,,,,,
United Healthcare;United Healthcare Dept CH-10151 Palatine, IL 60055-0151 ,,,,,
Upland Investments LLC;Upland Investments LLC P.O. Box 408 Lake Orion, Mi 48361 ,,,,,
UPS Supply Chain Solutions Inc.;UPS - Supply Chain Solutions Inc. 28013 Network Place Chicago, IL  60673-1280 ,,,,,
UPS United Parcel Service (Bill Pay);United Parcel Service Lockbox 577 Carol Stream, IL  60132-0577 ,,,,,
US Dept of Homeland Security,US Department of Homeland Security,,,,,,
USCIS,USCIS,,,,,,
USPS (Post Office),United States Postal Service,,,,,,
"UTi, United States, Inc. (ACH)";UTI UNITED STATES INC 26838  NETWORK PLACE CHICAGO, IL 60673-1268 ,,,,,
Valentine & Associates;Valentine & Associates 5767 West Maple Rd. Ste 400 West Bloomfield, Mi 48327 ,,,,,
Vanguard Cleaning (ACH);Vanguard Cleaning Systems 2386 Franklin Rd Bloomfield Hills, MI  48302 ,,,,,
Verizon,Verizon,,,,,,
Versa Handling;Versa Handling Company 12995 Hillview Detroit, MI  48227 ,,,,,
Vibromatic (ACH);Vibromatic Company, Inc. PO Box 1358 Noblesville, IN 46061-1358 ,,,,,
Victor Machine & Mfg. Ltd.;Victor Machine & Mfg. Ltd. 100-3215 Jefferson Blvd. Windsor, Ontario N8T 2W7 ,,,,,
Vijay Pinto,Vijay Pinto,,,,,,
Vijay Pinto CC,Vijay Pinto,,,,,,
Visual Components NA (ACH);Visual Components North America Corp. 2633 S. Lapeer Rd, Suite G Lake Orion, MI  48360 ,,,,,
Vivek Systems (ACH);Vivek Systems Drawer #1449 PO Box 5935 Troy, MI  48007-5935 ,,,,,
Vollmer;Vollmer 3822 Sandwhich Street Windsor, On N9C 1C1 Canada ,,,,,
Vonage - CC,,,,,,,
"W & L Investment Company, LLC";W & L Investment Company 1790 S Livernois Road Rochester Hills, MI  48307 ,,,,,
WalMart,WalMart,,,,,,
Walther Pilot North America;Walther Pilot North America 46890 Continental Dr. Chesterfield, MI  48047 ,,,,,
Waste Management (Bill Pay);Waste Management P.O. Box 4648 Carol Stream, IL 60197-4648 ,,,,,
Wayfair Supply;Wayfair Supply 986 W 2nd, ST., Ogden, Utah 84404 ,,,,,
WD Hearn Machine Tools (SA$);WD Hearn Machine Tools PO Box 1090 Eppindust 7475 Cape Town, South Africa ,,,,,
Webex;Webex 3979 Freedom Circle Santa Clara, CA 95054 ,,,,,
Wes-Tech Automation;Wes-Tech Automation Solutions, LLC ,,,,,
Wilkie Brothers (ACH);Wilkie Brothers Conveyors, Inc. PO Box 219 Marysville, MI  48040 ,,,,,
Workshop Media (ACH);Workshop Media Group 590 Hemingway Rd Lake Orion, MI  48362 ,,,,,
XRI TESTING (ACH);X-Ray Industries, Inc. 1961 Thunderbird Troy, MI 48084 ,,,,,
YourBigSign.com;YourBigSign.com 3440 Fenton Rd, Hartland, Hartland, MI 48353 ,,,,,
Zorotools.com;Zoro Tools, Inc. 1000 Ashbury Drive, Suite 1 Buffalo Grove, IL  60089 ,,,,,
